[
  {
    "id": "125",
    "name": "Tsukahara str. w. 1/1 t. or Kasamatsu str.",
    "group": "Group I",
    "value_letter": "4.0",
    "value": 0.0
  },
  {
    "id": "126",
    "name": "Kasamatsu str. with ½ t. or Tsukahara str. w. 3/2 t.",
    "group": "Group I",
    "value_letter": "4.4",
    "value": 0.0
  },
  {
    "id": "127",
    "name": "Kasamatsu str. w. 1/1 t. or Tsukahara str. w. 2/1 t (Akopian)",
    "group": "Group I",
    "value_letter": "4.8",
    "value": 0.0
  },
  {
    "id": "131",
    "name": "Kasamatsu str. with 3/2 t. (Driggs)",
    "group": "Group I",
    "value_letter": "5.2",
    "value": 0.0
  },
  {
    "id": "132",
    "name": "Kasamatsu str. with 2/1 t. (López)",
    "group": "Group I",
    "value_letter": "5.6",
    "value": 0.0
  },
  {
    "id": "133",
    "name": "Kasamatsu str. with 5/2 t. or Tsukahara str. with 7/2 t. (Yonekura)",
    "group": "Group I",
    "value_letter": "6.0",
    "value": 0.0
  },
  {
    "id": "137",
    "name": "Hdspr. fwd. and salto fwd. t. w. ½ t. (or Cuervo t.)",
    "group": "Group I",
    "value_letter": "2.8",
    "value": 0.0
  },
  {
    "id": "143",
    "name": "Hdspr. fwd. and salto fwd. p. w. ½ t. (Cuervo p.)",
    "group": "Group I",
    "value_letter": "3.2",
    "value": 0.0
  },
  {
    "id": "201",
    "name": "Forward handspring.",
    "group": "Group II",
    "value_letter": "1.6",
    "value": 0.0
  },
  {
    "id": "202",
    "name": "Forward handspring with ½ t.",
    "group": "Group II",
    "value_letter": "1.8",
    "value": 0.0
  },
  {
    "id": "203",
    "name": "Forward handspring with 1/1 t.",
    "group": "Group II",
    "value_letter": "2.0",
    "value": 0.0
  },
  {
    "id": "204",
    "name": "Forward handspring with 3/2 t.",
    "group": "Group II",
    "value_letter": "2.2",
    "value": 0.0
  },
  {
    "id": "205",
    "name": "Forward handspring with 2/1 t.",
    "group": "Group II",
    "value_letter": "2.4",
    "value": 0.0
  },
  {
    "id": "206",
    "name": "Forward handspring with 5/2 t. (Tsygankov)",
    "group": "Group II",
    "value_letter": "2.6",
    "value": 0.0
  },
  {
    "id": "207",
    "name": "Handspring fwd. and salto fwd. tucked.",
    "group": "Group II",
    "value_letter": "2.4",
    "value": 0.0
  },
  {
    "id": "213",
    "name": "Handspring fwd. and salto fwd. piked.",
    "group": "Group II",
    "value_letter": "2.8",
    "value": 0.0
  },
  {
    "id": "219",
    "name": "Handspring fwd. and salto fwd. str.",
    "group": "Group II",
    "value_letter": "3.6",
    "value": 0.0
  },
  {
    "id": "225",
    "name": "Handspring fwd. and dbl. salto fwd. t. (Roche)",
    "group": "Group II",
    "value_letter": "5.2",
    "value": 0.0
  },
  {
    "id": "226",
    "name": "Roche with ½ turn. (Dragulescu)",
    "group": "Group II",
    "value_letter": "5.6",
    "value": 0.0
  },
  {
    "id": "228",
    "name": "Handspring fwd. and salto fwd. t. w. ½ t. and salto bwd. t. (Zimmerman)",
    "group": "Group II",
    "value_letter": "5.6",
    "value": 0.0
  },
  {
    "id": "231",
    "name": "Handspring fwd. and dbl. salto fwd. piked. (Blanik)",
    "group": "Group II",
    "value_letter": "5.6",
    "value": 0.0
  },
  {
    "id": "232",
    "name": "Dragulescu piked. (RI Se Gwang 2)",
    "group": "Group II",
    "value_letter": "6.0",
    "value": 0.0
  },
  {
    "id": "301",
    "name": "Handspring sw. with ¼ t.",
    "group": "Group III",
    "value_letter": "1.6",
    "value": 0.0
  },
  {
    "id": "302",
    "name": "Handspring sw. with 3/4 t.",
    "group": "Group III",
    "value_letter": "1.8",
    "value": 0.0
  },
  {
    "id": "303",
    "name": "Handspring sw. with 5/4 t.",
    "group": "Group III",
    "value_letter": "2.0",
    "value": 0.0
  },
  {
    "id": "307",
    "name": "Handspring sw. w. ¼ t. a. salto bwd. t. (Tsukahara)",
    "group": "Group III",
    "value_letter": "2.2",
    "value": 0.0
  },
  {
    "id": "308",
    "name": "Tsukahara piked.",
    "group": "Group III",
    "value_letter": "2.4",
    "value": 0.0
  },
  {
    "id": "309",
    "name": "Tsukahara t. with ½ t.",
    "group": "Group III",
    "value_letter": "2.4",
    "value": 0.0
  },
  {
    "id": "313",
    "name": "Tsukahara straight.",
    "group": "Group III",
    "value_letter": "3.2",
    "value": 0.0
  },
  {
    "id": "314",
    "name": "Tsukahara str. with ½ t.",
    "group": "Group III",
    "value_letter": "3.6",
    "value": 0.0
  },
  {
    "id": "319",
    "name": "Tsukahara with salto bwd. t. (Yeo)",
    "group": "Group III",
    "value_letter": "5.2",
    "value": 0.0
  },
  {
    "id": "320",
    "name": "Tsukahara with salto bwd. piked. (Lu Yu Fu)",
    "group": "Group III",
    "value_letter": "5.6",
    "value": 0.0
  },
  {
    "id": "321",
    "name": "Double Tsukahara with 1/1 twist. (Ri Se Gwang)",
    "group": "Group III",
    "value_letter": "6.0",
    "value": 0.0
  },
  {
    "id": "401",
    "name": "Round off, handspring bwd.",
    "group": "Group IV",
    "value_letter": "1.6",
    "value": 0.0
  },
  {
    "id": "402",
    "name": "Round off, handspring bwd. with ½ turn.",
    "group": "Group IV",
    "value_letter": "1.8",
    "value": 0.0
  },
  {
    "id": "403",
    "name": "Round off, handspring bwd. with 1/1 turn.",
    "group": "Group IV",
    "value_letter": "2.0",
    "value": 0.0
  },
  {
    "id": "407",
    "name": "Round off, hdspr. bwd. and salto bwd. t. (Yurchenko)",
    "group": "Group IV",
    "value_letter": "2.2",
    "value": 0.0
  },
  {
    "id": "408",
    "name": "Yurchenko t. with ½ t.",
    "group": "Group IV",
    "value_letter": "2.4",
    "value": 0.0
  },
  {
    "id": "409",
    "name": "Yurchenko t. with 1/1 t.",
    "group": "Group IV",
    "value_letter": "2.8",
    "value": 0.0
  },
  {
    "id": "410",
    "name": "Yurchenko t. with 3/2 t.",
    "group": "Group IV",
    "value_letter": "3.2",
    "value": 0.0
  },
  {
    "id": "411",
    "name": "Yurchenko t. with 2/1 t.",
    "group": "Group IV",
    "value_letter": "3.6",
    "value": 0.0
  },
  {
    "id": "413",
    "name": "Yurchenko piked.",
    "group": "Group IV",
    "value_letter": "2.4",
    "value": 0.0
  },
  {
    "id": "414",
    "name": "Yurchenko straight.",
    "group": "Group IV",
    "value_letter": "3.2",
    "value": 0.0
  },
  {
    "id": "415",
    "name": "Yurchenko straight with ½ t.",
    "group": "Group IV",
    "value_letter": "3.6",
    "value": 0.0
  },
  {
    "id": "416",
    "name": "Yurchenko straight with 1/1 t.",
    "group": "Group IV",
    "value_letter": "4.0",
    "value": 0.0
  },
  {
    "id": "417",
    "name": "Yurchenko straight with 3/2 t.",
    "group": "Group IV",
    "value_letter": "4.4",
    "value": 0.0
  },
  {
    "id": "418",
    "name": "Yurchenko straight with 2/1 t.",
    "group": "Group IV",
    "value_letter": "4.8",
    "value": 0.0
  },
  {
    "id": "419",
    "name": "Yurchenko straight with 5/2 t. (Shewfelt)",
    "group": "Group IV",
    "value_letter": "5.2",
    "value": 0.0
  },
  {
    "id": "420",
    "name": "Yurchenko Straight 3/1 t. (Shirai - KIM Hee Hoon)",
    "group": "Group IV",
    "value_letter": "5.6",
    "value": 0.0
  },
  {
    "id": "421",
    "name": "Yurchenko Straight 7/2 t. (Shirai 2)",
    "group": "Group IV",
    "value_letter": "6.0",
    "value": 0.0
  },
  {
    "id": "425",
    "name": "Yurchenko and salto bwd. tucked. (Melissanidis)",
    "group": "Group IV",
    "value_letter": "5.2",
    "value": 0.0
  },
  {
    "id": "426",
    "name": "Melissanidis piked. (Yang Wei)",
    "group": "Group IV",
    "value_letter": "5.6",
    "value": 0.0
  },
  {
    "id": "501",
    "name": "Round off, ½ t. and handspring fwd.",
    "group": "Group V",
    "value_letter": "1.8",
    "value": 0.0
  },
  {
    "id": "502",
    "name": "Round off, ½ t. and hdspr. fwd. with ½ t.",
    "group": "Group V",
    "value_letter": "2.0",
    "value": 0.0
  },
  {
    "id": "503",
    "name": "Round off, ½ t. and hdspr. fwd. with 1/1 t.",
    "group": "Group V",
    "value_letter": "2.2",
    "value": 0.0
  },
  {
    "id": "504",
    "name": "Round off, ½ t. and hdspr. fwd. and salto fwd. tucked.",
    "group": "Group V",
    "value_letter": "2.6",
    "value": 0.0
  },
  {
    "id": "505",
    "name": "Round off, ½ t. and hdspr. fwd. and salto fwd. tucked with ½ t.",
    "group": "Group V",
    "value_letter": "3.0",
    "value": 0.0
  },
  {
    "id": "507",
    "name": "Round off, ½ t. a. hdspr. fwd. and salto fwd. p.",
    "group": "Group V",
    "value_letter": "3.0",
    "value": 0.0
  },
  {
    "id": "508",
    "name": "Round off, ½ t. and hdspr. fwd. and salto fwd. p. with ½ t. (Nemov)",
    "group": "Group V",
    "value_letter": "3.4",
    "value": 0.0
  },
  {
    "id": "509",
    "name": "Round off, ½ t. and hdspr. fwd. and salto fwd. str.",
    "group": "Group V",
    "value_letter": "3.8",
    "value": 0.0
  },
  {
    "id": "510",
    "name": "Round off, ½ t. and hdspr. fwd. and salto fwd. str. with ½ t. (Hutcheon)",
    "group": "Group V",
    "value_letter": "4.2",
    "value": 0.0
  },
  {
    "id": "511",
    "name": "Round off, ½ t. and hdspr. fwd. and salto fwd. str. with 1/1 t.",
    "group": "Group V",
    "value_letter": "4.6",
    "value": 0.0
  },
  {
    "id": "512",
    "name": "Round off, ½ t. and hdspr. fwd. and salto fwd. straight with 3/2 t.",
    "group": "Group V",
    "value_letter": "5.0",
    "value": 0.0
  },
  {
    "id": "513",
    "name": "Round off, ½ t. and hdspr. fwd. and salto fwd. straight with 2/1 t.",
    "group": "Group V",
    "value_letter": "5.4",
    "value": 0.0
  },
  {
    "id": "514",
    "name": "Round off, ½ t. and hdspr. fwd. and salto fwd. str. with 5/2 t. (Li Xiao Peng)",
    "group": "Group V",
    "value_letter": "5.8",
    "value": 0.0
  },
  {
    "id": "519",
    "name": "Round off, ½ t. a. hdspr. fwd. and double salto fwd. tucked.",
    "group": "Group V",
    "value_letter": "5.4",
    "value": 0.0
  }
]