[
  {
    "id": "III.33",
    "name": "Travel forward in cross support with support on leather, pommel, pommel, leather (3/3) (1-2-4-5)",
    "group": "Group III",
    "value_letter": "N/A",
    "value": 0.0
  },
  {
    "id": "III.34",
    "name": "Any other travel forward in cross support to other end (3/3) (Magyar)",
    "group": "Group III",
    "value_letter": "N/A",
    "value": 0.0
  },
  {
    "id": "III.35",
    "name": "Travel forward in cross support over both pommels (also with hop) (Driggs)",
    "group": "Group III",
    "value_letter": "N/A",
    "value": 0.0
  },
  {
    "id": "III.39",
    "name": "Travel backward in cross support with support on leather, pommel, pommel, leather (3/3) (5-4-2-1)",
    "group": "Group III",
    "value_letter": "N/A",
    "value": 0.0
  },
  {
    "id": "III.40",
    "name": "Any other travel backward in cross support to other end (3/3) (Sivado)",
    "group": "Group III",
    "value_letter": "N/A",
    "value": 0.0
  },
  {
    "id": "III.41",
    "name": "Travel backward in cross support over both pommels (also with hop) (Kurbanoc/Reid)",
    "group": "Group III",
    "value_letter": "N/A",
    "value": 0.0
  },
  {
    "id": "III.57",
    "name": "From support on 1 pommel, Russian Wendeswings forward to other end without support on or between the pommels (side to side support, side to cross support) (Tong Fei)",
    "group": "Group III",
    "value_letter": "N/A",
    "value": 0.0
  },
  {
    "id": "III.58",
    "name": "From support on end, Russian Wendeswings forward to other end without support on or between the pommels (side to side support, side to cross, cross to side, cross to cross)",
    "group": "Group III",
    "value_letter": "N/A",
    "value": 0.0
  },
  {
    "id": "III.59",
    "name": "On the leather, from cross support, Russian Wendeswings with 360° or 540° over both pommels (Vammen)",
    "group": "Group III",
    "value_letter": "N/A",
    "value": 0.0
  },
  {
    "id": "III.64",
    "name": "From support 1-2, 3/3 travel in Russian type Wendeswings with 630° or more turning",
    "group": "Group III",
    "value_letter": "N/A",
    "value": 0.0
  },
  {
    "id": "III.65",
    "name": "Any 3/3 travel in Russian type Wendeswings with 720° or more turning (Wu Guyonian)",
    "group": "Group III",
    "value_letter": "N/A",
    "value": 0.0
  },
  {
    "id": "III.70",
    "name": "Any Russian Wendeswings with 360° and 3/3 travel (Roth)",
    "group": "Group III",
    "value_letter": "N/A",
    "value": 0.0
  },
  {
    "id": "III.17",
    "name": "From an end side travel with 2 x ½ spindle to other end",
    "group": "Group III",
    "value_letter": "N/A",
    "value": 0.0
  },
  {
    "id": "III.22",
    "name": "Any travel forward 3/3 with ½ spindle from one pommel over the other pommel (Nin Reyes/Titov)",
    "group": "Group III",
    "value_letter": "N/A",
    "value": 0.0
  },
  {
    "id": "III.23",
    "name": "Travel 3/3 over both pommels with ½ spindle (Nin Reyes 2/Keiha 2)",
    "group": "Group III",
    "value_letter": "N/A",
    "value": 0.0
  },
  {
    "id": "III.29",
    "name": "Any 3/3 cross support travel in flair with 1/1 Spindle inside 2 circles (Urzica 2/Burkhart)",
    "group": "Group III",
    "value_letter": "N/A",
    "value": 0.0
  },
  {
    "id": "II.28",
    "name": "Any side support 1/1 spindle with legs straddle inside maximum 2 circles",
    "group": "Group II",
    "value_letter": "N/A",
    "value": 0.0
  },
  {
    "id": "II.29",
    "name": "Any side support 1/1 spindle with hand support to the other side and return (maximum 2 flairs or circles) (Eichorn)",
    "group": "Group II",
    "value_letter": "N/A",
    "value": 0.0
  },
  {
    "id": "II.30",
    "name": "Side support, 1/1 spindle with both pommels between the hands (flair or circle) (Keikha 1/Keikha 5)",
    "group": "Group II",
    "value_letter": "N/A",
    "value": 0.0
  },
  {
    "id": "II.34",
    "name": "Any 1/1 spindle within maximum 2 circles on the end (Maygar)",
    "group": "Group II",
    "value_letter": "N/A",
    "value": 0.0
  },
  {
    "id": "II.35",
    "name": "1/1 spindle with legs straddle or together on the pommels inside maximum 2 circles (Berki)",
    "group": "Group II",
    "value_letter": "N/A",
    "value": 0.0
  },
  {
    "id": "II.36",
    "name": "Cross support, 1/1 spindle with hands between the pommels maximum 2 circles",
    "group": "Group II",
    "value_letter": "N/A",
    "value": 0.0
  }
]