{"assets/logo.png":["assets/logo.png"],"data/.gitkeep":["data/.gitkeep"],"data/connection_rules_ja.txt":["data/connection_rules_ja.txt"],"data/debug_page_19.txt":["data/debug_page_19.txt"],"data/rulebook_en.pdf":["data/rulebook_en.pdf"],"data/rulebook_ja.pdf":["data/rulebook_ja.pdf"],"data/skills_en.csv":["data/skills_en.csv"],"data/skills_fx.json":["data/skills_fx.json"],"data/skills_hb.json":["data/skills_hb.json"],"data/skills_ja.csv":["data/skills_ja.csv"],"data/skills_pb.json":["data/skills_pb.json"],"data/skills_ph.json":["data/skills_ph.json"],"data/skills_sr.json":["data/skills_sr.json"],"packages/cupertino_icons/assets/CupertinoIcons.ttf":["packages/cupertino_icons/assets/CupertinoIcons.ttf"]}