[
  {
    "id": "25",
    "name": "Uprise fwd. to cross or L-cross (2 s.)",
    "group": "Group III",
    "value_letter": "A",
    "value": 0.1
  },
  {
    "id": "33",
    "name": "Uprise bwd. to cross or L-cross (2 s.)",
    "group": "Group III",
    "value_letter": "A",
    "value": 0.1
  },
  {
    "id": "39",
    "name": "Kip to cross, or L-cross (2 s.)",
    "group": "Group III",
    "value_letter": "A",
    "value": 0.1
  },
  {
    "id": "40",
    "name": "Kip to V cross (2 s.)",
    "group": "Group III",
    "value_letter": "A",
    "value": 0.1
  },
  {
    "id": "42",
    "name": "Kip to inverted swallow (2 s.)",
    "group": "Group III",
    "value_letter": "A",
    "value": 0.1
  },
  {
    "id": "45",
    "name": "Back kip to cross or L-cross (2 s.)",
    "group": "Group III",
    "value_letter": "A",
    "value": 0.1
  },
  {
    "id": "46",
    "name": "Back kip to support scale (2 s.)",
    "group": "Group III",
    "value_letter": "A",
    "value": 0.1
  },
  {
    "id": "47",
    "name": "Back kip to swallow (2 s.)",
    "group": "Group III",
    "value_letter": "A",
    "value": 0.1
  },
  {
    "id": "50",
    "name": "Felge upward to support with straddled legs supported above the rings (2 s.)",
    "group": "Group III",
    "value_letter": "A",
    "value": 0.1
  },
  {
    "id": "53",
    "name": "Back kip to inverted cross (2 s.)",
    "group": "Group III",
    "value_letter": "A",
    "value": 0.1
  },
  {
    "id": "56",
    "name": "Felge upward to support scale straddled (2 s.)",
    "group": "Group III",
    "value_letter": "A",
    "value": 0.1
  },
  {
    "id": "57",
    "name": "Felge upward to cross or L-cross (2 s.)",
    "group": "Group III",
    "value_letter": "A",
    "value": 0.1
  },
  {
    "id": "58",
    "name": "Felge upward to support scale (2 s.)",
    "group": "Group III",
    "value_letter": "A",
    "value": 0.1
  },
  {
    "id": "59",
    "name": "Felge upward to Swallow (2 s.)",
    "group": "Group III",
    "value_letter": "A",
    "value": 0.1
  },
  {
    "id": "60",
    "name": "Uprise forward to inverted swallow (2 s.)",
    "group": "Group III",
    "value_letter": "A",
    "value": 0.1
  },
  {
    "id": "65",
    "name": "Felge upward to inverted cross (2 s.)",
    "group": "Group III",
    "value_letter": "A",
    "value": 0.1
  },
  {
    "id": "68",
    "name": "Uprise bwd. to support scale straddled (2 s.)",
    "group": "Group III",
    "value_letter": "A",
    "value": 0.1
  },
  {
    "id": "70",
    "name": "Uprise bwd. to support scale (2 s.)",
    "group": "Group III",
    "value_letter": "A",
    "value": 0.1
  },
  {
    "id": "71",
    "name": "Uprise bwd. to sup. scale at ring height (2 s.)",
    "group": "Group III",
    "value_letter": "A",
    "value": 0.1
  },
  {
    "id": "77",
    "name": "Uprise bwd. to inverted cross (2 s.)",
    "group": "Group III",
    "value_letter": "A",
    "value": 0.1
  },
  {
    "id": "82",
    "name": "Felge bwd. straight to free sup. scale. (2 s.)",
    "group": "Group III",
    "value_letter": "A",
    "value": 0.1
  },
  {
    "id": "1",
    "name": "Salto fwd. piked or straight, also with ½ t.",
    "group": "Group IV",
    "value_letter": "A",
    "value": 0.1
  },
  {
    "id": "2",
    "name": "Salto fwd. piked or straight with 1/1 t.",
    "group": "Group IV",
    "value_letter": "A",
    "value": 0.1
  },
  {
    "id": "3",
    "name": "Salto fwd. piked or straight with 3/2 t.",
    "group": "Group IV",
    "value_letter": "A",
    "value": 0.1
  },
  {
    "id": "4",
    "name": "Salto fwd. piked or straight with 2/1 t.",
    "group": "Group IV",
    "value_letter": "A",
    "value": 0.1
  },
  {
    "id": "9",
    "name": "Double salto fwd. tucked or tucked with ½ t.",
    "group": "Group IV",
    "value_letter": "A",
    "value": 0.1
  },
  {
    "id": "10",
    "name": "Double salto fwd. tucked with 3/2 t (also 1/1 t.)",
    "group": "Group IV",
    "value_letter": "A",
    "value": 0.1
  },
  {
    "id": "16",
    "name": "Double salto fwd. piked or piked with ½ t.",
    "group": "Group IV",
    "value_letter": "A",
    "value": 0.1
  },
  {
    "id": "17",
    "name": "Double salto fwd. piked with 3/2 t. (also 1/1 t.)",
    "group": "Group IV",
    "value_letter": "A",
    "value": 0.1
  },
  {
    "id": "25",
    "name": "Salto bwd. piked or straight also with ½.",
    "group": "Group IV",
    "value_letter": "A",
    "value": 0.1
  },
  {
    "id": "26",
    "name": "Salto bwd. straight with 1/1 t.",
    "group": "Group IV",
    "value_letter": "A",
    "value": 0.1
  },
  {
    "id": "27",
    "name": "Salto bwd. straight with 2/1 t. or 3/2 t.",
    "group": "Group IV",
    "value_letter": "A",
    "value": 0.1
  },
  {
    "id": "29",
    "name": "Salto bwd. straight with 3/1 t.",
    "group": "Group IV",
    "value_letter": "A",
    "value": 0.1
  },
  {
    "id": "32",
    "name": "Double salto bwd. tucked or piked.",
    "group": "Group IV",
    "value_letter": "A",
    "value": 0.1
  },
  {
    "id": "33",
    "name": "Double salto bwd. straight.",
    "group": "Group IV",
    "value_letter": "A",
    "value": 0.1
  },
  {
    "id": "36",
    "name": "Triple salto bwd. tucked.",
    "group": "Group IV",
    "value_letter": "G",
    "value": 0.7
  },
  {
    "id": "42",
    "name": "Triple salto bwd. piked.",
    "group": "Group IV",
    "value_letter": "I",
    "value": 0.9
  },
  {
    "id": "45",
    "name": "Double salto bwd. t. with ½ or 1/1 t.",
    "group": "Group IV",
    "value_letter": "A",
    "value": 0.1
  },
  {
    "id": "47",
    "name": "Double salto bwd. t. with 2/1 t.",
    "group": "Group IV",
    "value_letter": "A",
    "value": 0.1
  },
  {
    "id": "48",
    "name": "Double salto bwd. t. with 5/2 t.",
    "group": "Group IV",
    "value_letter": "A",
    "value": 0.1
  },
  {
    "id": "51",
    "name": "Salto bwd. str. with 1/1 t. and salto t.",
    "group": "Group IV",
    "value_letter": "A",
    "value": 0.1
  },
  {
    "id": "52",
    "name": "Double salto bwd. straight with ½ or 1/1 t.",
    "group": "Group IV",
    "value_letter": "A",
    "value": 0.1
  },
  {
    "id": "54",
    "name": "Double salto bwd. straight with 3/2 or 2/1 t.",
    "group": "Group IV",
    "value_letter": "A",
    "value": 0.1
  }
]